<?xml version='1.0' encoding='utf-8'?>
<!DOCTYPE hibernate-configuration PUBLIC
    "-//Hibernate/Hibernate Configuration DTD//EN"
    "http://www.hibernate.org/dtd/hibernate-configuration-3.0.dtd">

<hibernate-configuration>
  <session-factory>
    <property name="hibernate.connection.driver_class">com.mysql.cj.jdbc.Driver</property>
    <property name="hibernate.connection.url">jdbc:mysql://localhost:3306/chilaquiles?serverTimezone=UTC</property>
    <property name="hibernate.connection.username">root</property>
    <property name="hibernate.connection.password">kaspornipov123jotengo</property>
    <property name="hibernate.dialect">org.hibernate.dialect.MySQLDialect</property>
    <!-- Especifica la clas tipo entity que tiene anotaciones  -->
    <mapping class="com.hibernatepractica1.model.Producto"></mapping>
  </session-factory>
</hibernate-configuration>